SNo,SPP,Block,ICR,Inv,SMB,tagname,SCBNameinField
1,Trnl,B01,ICR01,I01_1,SCB01,ICR_01..Inv_01_PV_01_Current,ICR_01..Inv_01_PV_01_Current
2,Trnl,B01,ICR01,I01_1,SCB02,ICR_01..Inv_01_PV_02_Current,ICR_01..Inv_01_PV_02_Current
3,Trnl,B01,ICR01,I01_1,SCB03,ICR_01..Inv_01_PV_03_Current,ICR_01..Inv_01_PV_03_Current
4,Trnl,B01,ICR01,I01_1,SCB04,ICR_01..Inv_01_PV_04_Current,ICR_01..Inv_01_PV_04_Current
5,Trnl,B01,ICR01,I01_1,SCB05,ICR_01..Inv_01_PV_05_Current,ICR_01..Inv_01_PV_05_Current
6,Trnl,B01,ICR01,I01_1,SCB06,ICR_01..Inv_01_PV_06_Current,ICR_01..Inv_01_PV_06_Current
7,Trnl,B01,ICR01,I01_1,SCB11,ICR_01..Inv_01_PV_11_Current,ICR_01..Inv_01_PV_11_Current
8,Trnl,B01,ICR01,I01_1,SCB12,ICR_01..Inv_01_PV_12_Current,ICR_01..Inv_01_PV_12_Current
9,Trnl,B01,ICR01,I01_1,SCB13,ICR_01..Inv_01_PV_13_Current,ICR_01..Inv_01_PV_13_Current
10,Trnl,B01,ICR01,I01_1,SCB14,ICR_01..Inv_01_PV_14_Current,ICR_01..Inv_01_PV_14_Current
11,Trnl,B01,ICR01,I01_1,SCB15,ICR_01..Inv_01_PV_15_Current,ICR_01..Inv_01_PV_15_Current
12,Trnl,B01,ICR01,I01_1,SCB16,ICR_01..Inv_01_PV_16_Current,ICR_01..Inv_01_PV_16_Current
13,Trnl,B01,ICR01,I01_1,SCB18,ICR_01..Inv_01_PV_18_Current,ICR_01..Inv_01_PV_18_Current
14,Trnl,B01,ICR01,I01_1,SCB22,ICR_01..Inv_01_PV_22_Current,ICR_01..Inv_01_PV_22_Current
15,Trnl,B01,ICR01,I01_1,SCB23,ICR_01..Inv_01_PV_23_Current,ICR_01..Inv_01_PV_23_Current
16,Trnl,B01,ICR01,I01_1,SCB24,ICR_01..Inv_01_PV_24_Current,ICR_01..Inv_01_PV_24_Current
17,Trnl,B01,ICR01,I01_1,SCB25,ICR_01..Inv_01_PV_25_Current,ICR_01..Inv_01_PV_25_Current
18,Trnl,B01,ICR01,I01_1,SCB26,ICR_01..Inv_01_PV_26_Current,ICR_01..Inv_01_PV_26_Current
19,Trnl,B01,ICR01,I01_1,SCB27,ICR_01..Inv_01_PV_27_Current,ICR_01..Inv_01_PV_27_Current
20,Trnl,B01,ICR01,I01_1,SCB28,ICR_01..Inv_01_PV_28_Current,ICR_01..Inv_01_PV_28_Current
21,Trnl,B01,ICR01,I01_2,SCB01,ICR_01..Inv_02_PV_01_Current,ICR_01..Inv_02_PV_01_Current
22,Trnl,B01,ICR01,I01_2,SCB02,ICR_01..Inv_02_PV_02_Current,ICR_01..Inv_02_PV_02_Current
23,Trnl,B01,ICR01,I01_2,SCB03,ICR_01..Inv_02_PV_03_Current,ICR_01..Inv_02_PV_03_Current
24,Trnl,B01,ICR01,I01_2,SCB04,ICR_01..Inv_02_PV_04_Current,ICR_01..Inv_02_PV_04_Current
25,Trnl,B01,ICR01,I01_2,SCB05,ICR_01..Inv_02_PV_05_Current,ICR_01..Inv_02_PV_05_Current
26,Trnl,B01,ICR01,I01_2,SCB06,ICR_01..Inv_02_PV_06_Current,ICR_01..Inv_02_PV_06_Current
27,Trnl,B01,ICR01,I01_2,SCB11,ICR_01..Inv_02_PV_11_Current,ICR_01..Inv_02_PV_11_Current
28,Trnl,B01,ICR01,I01_2,SCB12,ICR_01..Inv_02_PV_12_Current,ICR_01..Inv_02_PV_12_Current
29,Trnl,B01,ICR01,I01_2,SCB13,ICR_01..Inv_02_PV_13_Current,ICR_01..Inv_02_PV_13_Current
30,Trnl,B01,ICR01,I01_2,SCB14,ICR_01..Inv_02_PV_14_Current,ICR_01..Inv_02_PV_14_Current
31,Trnl,B01,ICR01,I01_2,SCB15,ICR_01..Inv_02_PV_15_Current,ICR_01..Inv_02_PV_15_Current
32,Trnl,B01,ICR01,I01_2,SCB16,ICR_01..Inv_02_PV_16_Current,ICR_01..Inv_02_PV_16_Current
33,Trnl,B01,ICR01,I01_2,SCB17,ICR_01..Inv_02_PV_17_Current,ICR_01..Inv_02_PV_17_Current
34,Trnl,B01,ICR01,I01_2,SCB21,ICR_01..Inv_02_PV_21_Current,ICR_01..Inv_02_PV_21_Current
35,Trnl,B01,ICR01,I01_2,SCB22,ICR_01..Inv_02_PV_22_Current,ICR_01..Inv_02_PV_22_Current
36,Trnl,B01,ICR01,I01_2,SCB23,ICR_01..Inv_02_PV_23_Current,ICR_01..Inv_02_PV_23_Current
37,Trnl,B01,ICR01,I01_2,SCB24,ICR_01..Inv_02_PV_24_Current,ICR_01..Inv_02_PV_24_Current
38,Trnl,B01,ICR01,I01_2,SCB25,ICR_01..Inv_02_PV_25_Current,ICR_01..Inv_02_PV_25_Current
39,Trnl,B01,ICR01,I01_2,SCB26,ICR_01..Inv_02_PV_26_Current,ICR_01..Inv_02_PV_26_Current
40,Trnl,B01,ICR01,I01_2,SCB27,ICR_01..Inv_02_PV_27_Current,ICR_01..Inv_02_PV_27_Current
41,Trnl,B01,ICR02,I02_1,SCB01,ICR_02..Inv_01_PV_01_Current,ICR_02..Inv_01_PV_01_Current
42,Trnl,B01,ICR02,I02_1,SCB02,ICR_02..Inv_01_PV_02_Current,ICR_02..Inv_01_PV_02_Current
43,Trnl,B01,ICR02,I02_1,SCB03,ICR_02..Inv_01_PV_03_Current,ICR_02..Inv_01_PV_03_Current
44,Trnl,B01,ICR02,I02_1,SCB04,ICR_02..Inv_01_PV_04_Current,ICR_02..Inv_01_PV_04_Current
45,Trnl,B01,ICR02,I02_1,SCB05,ICR_02..Inv_01_PV_05_Current,ICR_02..Inv_01_PV_05_Current
46,Trnl,B01,ICR02,I02_1,SCB06,ICR_02..Inv_01_PV_06_Current,ICR_02..Inv_01_PV_06_Current
47,Trnl,B01,ICR02,I02_1,SCB08,ICR_02..Inv_01_PV_08_Current,ICR_02..Inv_01_PV_08_Current
48,Trnl,B01,ICR02,I02_1,SCB11,ICR_02..Inv_01_PV_11_Current,ICR_02..Inv_01_PV_11_Current
49,Trnl,B01,ICR02,I02_1,SCB12,ICR_02..Inv_01_PV_12_Current,ICR_02..Inv_01_PV_12_Current
50,Trnl,B01,ICR02,I02_1,SCB13,ICR_02..Inv_01_PV_13_Current,ICR_02..Inv_01_PV_13_Current
51,Trnl,B01,ICR02,I02_1,SCB14,ICR_02..Inv_01_PV_14_Current,ICR_02..Inv_01_PV_14_Current
52,Trnl,B01,ICR02,I02_1,SCB15,ICR_02..Inv_01_PV_15_Current,ICR_02..Inv_01_PV_15_Current
53,Trnl,B01,ICR02,I02_1,SCB16,ICR_02..Inv_01_PV_16_Current,ICR_02..Inv_01_PV_16_Current
54,Trnl,B01,ICR02,I02_1,SCB18,ICR_02..Inv_01_PV_18_Current,ICR_02..Inv_01_PV_18_Current
55,Trnl,B01,ICR02,I02_1,SCB23,ICR_02..Inv_01_PV_23_Current,ICR_02..Inv_01_PV_23_Current
56,Trnl,B01,ICR02,I02_1,SCB24,ICR_02..Inv_01_PV_24_Current,ICR_02..Inv_01_PV_24_Current
57,Trnl,B01,ICR02,I02_1,SCB25,ICR_02..Inv_01_PV_25_Current,ICR_02..Inv_01_PV_25_Current
58,Trnl,B01,ICR02,I02_1,SCB26,ICR_02..Inv_01_PV_26_Current,ICR_02..Inv_01_PV_26_Current
59,Trnl,B01,ICR02,I02_1,SCB27,ICR_02..Inv_01_PV_27_Current,ICR_02..Inv_01_PV_27_Current
60,Trnl,B01,ICR02,I02_1,SCB28,ICR_02..Inv_01_PV_28_Current,ICR_02..Inv_01_PV_28_Current
61,Trnl,B01,ICR02,I02_2,SCB01,ICR_02..Inv_02_PV_01_Current,ICR_02..Inv_02_PV_01_Current
62,Trnl,B01,ICR02,I02_2,SCB02,ICR_02..Inv_02_PV_02_Current,ICR_02..Inv_02_PV_02_Current
63,Trnl,B01,ICR02,I02_2,SCB03,ICR_02..Inv_02_PV_03_Current,ICR_02..Inv_02_PV_03_Current
64,Trnl,B01,ICR02,I02_2,SCB04,ICR_02..Inv_02_PV_04_Current,ICR_02..Inv_02_PV_04_Current
65,Trnl,B01,ICR02,I02_2,SCB05,ICR_02..Inv_02_PV_05_Current,ICR_02..Inv_02_PV_05_Current
66,Trnl,B01,ICR02,I02_2,SCB06,ICR_02..Inv_02_PV_06_Current,ICR_02..Inv_02_PV_06_Current
67,Trnl,B01,ICR02,I02_2,SCB07,ICR_02..Inv_02_PV_07_Current,ICR_02..Inv_02_PV_07_Current
68,Trnl,B01,ICR02,I02_2,SCB11,ICR_02..Inv_02_PV_11_Current,ICR_02..Inv_02_PV_11_Current
69,Trnl,B01,ICR02,I02_2,SCB12,ICR_02..Inv_02_PV_12_Current,ICR_02..Inv_02_PV_12_Current
70,Trnl,B01,ICR02,I02_2,SCB13,ICR_02..Inv_02_PV_13_Current,ICR_02..Inv_02_PV_13_Current
71,Trnl,B01,ICR02,I02_2,SCB15,ICR_02..Inv_02_PV_15_Current,ICR_02..Inv_02_PV_15_Current
72,Trnl,B01,ICR02,I02_2,SCB16,ICR_02..Inv_02_PV_16_Current,ICR_02..Inv_02_PV_16_Current
73,Trnl,B01,ICR02,I02_2,SCB17,ICR_02..Inv_02_PV_17_Current,ICR_02..Inv_02_PV_17_Current
74,Trnl,B01,ICR02,I02_2,SCB22,ICR_02..Inv_02_PV_22_Current,ICR_02..Inv_02_PV_22_Current
75,Trnl,B01,ICR02,I02_2,SCB23,ICR_02..Inv_02_PV_23_Current,ICR_02..Inv_02_PV_23_Current
76,Trnl,B01,ICR02,I02_2,SCB24,ICR_02..Inv_02_PV_24_Current,ICR_02..Inv_02_PV_24_Current
77,Trnl,B02,ICR02,I02_2,SCB25,ICR_02..Inv_02_PV_25_Current,ICR_02..Inv_02_PV_25_Current
78,Trnl,B02,ICR02,I02_2,SCB26,ICR_02..Inv_02_PV_26_Current,ICR_02..Inv_02_PV_26_Current
79,Trnl,B02,ICR02,I02_2,SCB27,ICR_02..Inv_02_PV_27_Current,ICR_02..Inv_02_PV_27_Current
80,Trnl,B02,ICR02,I02_2,SCB28,ICR_02..Inv_02_PV_28_Current,ICR_02..Inv_02_PV_28_Current
81,Trnl,B02,ICR03,I03_1,SCB01,ICR_03..Inv_01_PV_01_Current,ICR_03..Inv_01_PV_01_Current
82,Trnl,B02,ICR03,I03_1,SCB02,ICR_03..Inv_01_PV_02_Current,ICR_03..Inv_01_PV_02_Current
83,Trnl,B02,ICR03,I03_1,SCB03,ICR_03..Inv_01_PV_03_Current,ICR_03..Inv_01_PV_03_Current
84,Trnl,B02,ICR03,I03_1,SCB04,ICR_03..Inv_01_PV_04_Current,ICR_03..Inv_01_PV_04_Current
85,Trnl,B02,ICR03,I03_1,SCB05,ICR_03..Inv_01_PV_05_Current,ICR_03..Inv_01_PV_05_Current
86,Trnl,B02,ICR03,I03_1,SCB06,ICR_03..Inv_01_PV_06_Current,ICR_03..Inv_01_PV_06_Current
87,Trnl,B02,ICR03,I03_1,SCB11,ICR_03..Inv_01_PV_11_Current,ICR_03..Inv_01_PV_11_Current
88,Trnl,B02,ICR03,I03_1,SCB12,ICR_03..Inv_01_PV_12_Current,ICR_03..Inv_01_PV_12_Current
89,Trnl,B02,ICR03,I03_1,SCB13,ICR_03..Inv_01_PV_13_Current,ICR_03..Inv_01_PV_13_Current
90,Trnl,B02,ICR03,I03_1,SCB14,ICR_03..Inv_01_PV_14_Current,ICR_03..Inv_01_PV_14_Current
91,Trnl,B02,ICR03,I03_1,SCB15,ICR_03..Inv_01_PV_15_Current,ICR_03..Inv_01_PV_15_Current
92,Trnl,B02,ICR03,I03_1,SCB16,ICR_03..Inv_01_PV_16_Current,ICR_03..Inv_01_PV_16_Current
93,Trnl,B02,ICR03,I03_1,SCB17,ICR_03..Inv_01_PV_17_Current,ICR_03..Inv_01_PV_17_Current
94,Trnl,B02,ICR03,I03_1,SCB22,ICR_03..Inv_01_PV_22_Current,ICR_03..Inv_01_PV_22_Current
95,Trnl,B02,ICR03,I03_1,SCB23,ICR_03..Inv_01_PV_23_Current,ICR_03..Inv_01_PV_23_Current
96,Trnl,B02,ICR03,I03_1,SCB24,ICR_03..Inv_01_PV_24_Current,ICR_03..Inv_01_PV_24_Current
97,Trnl,B02,ICR03,I03_1,SCB25,ICR_03..Inv_01_PV_25_Current,ICR_03..Inv_01_PV_25_Current
98,Trnl,B02,ICR03,I03_1,SCB26,ICR_03..Inv_01_PV_26_Current,ICR_03..Inv_01_PV_26_Current
99,Trnl,B02,ICR03,I03_1,SCB27,ICR_03..Inv_01_PV_27_Current,ICR_03..Inv_01_PV_27_Current
100,Trnl,B02,ICR03,I03_1,SCB28,ICR_03..Inv_01_PV_28_Current,ICR_03..Inv_01_PV_28_Current
101,Trnl,B02,ICR03,I03_2,SCB01,ICR_03..Inv_02_PV_01_Current,ICR_03..Inv_02_PV_01_Current
102,Trnl,B02,ICR03,I03_2,SCB02,ICR_03..Inv_02_PV_02_Current,ICR_03..Inv_02_PV_02_Current
103,Trnl,B02,ICR03,I03_2,SCB03,ICR_03..Inv_02_PV_03_Current,ICR_03..Inv_02_PV_03_Current
104,Trnl,B02,ICR03,I03_2,SCB04,ICR_03..Inv_02_PV_04_Current,ICR_03..Inv_02_PV_04_Current
105,Trnl,B02,ICR03,I03_2,SCB05,ICR_03..Inv_02_PV_05_Current,ICR_03..Inv_02_PV_05_Current
106,Trnl,B02,ICR03,I03_2,SCB06,ICR_03..Inv_02_PV_06_Current,ICR_03..Inv_02_PV_06_Current
107,Trnl,B02,ICR03,I03_2,SCB12,ICR_03..Inv_02_PV_12_Current,ICR_03..Inv_02_PV_12_Current
108,Trnl,B02,ICR03,I03_2,SCB13,ICR_03..Inv_02_PV_13_Current,ICR_03..Inv_02_PV_13_Current
109,Trnl,B02,ICR03,I03_2,SCB14,ICR_03..Inv_02_PV_14_Current,ICR_03..Inv_02_PV_14_Current
110,Trnl,B02,ICR03,I03_2,SCB15,ICR_03..Inv_02_PV_15_Current,ICR_03..Inv_02_PV_15_Current
111,Trnl,B02,ICR03,I03_2,SCB16,ICR_03..Inv_02_PV_16_Current,ICR_03..Inv_02_PV_16_Current
112,Trnl,B02,ICR03,I03_2,SCB17,ICR_03..Inv_02_PV_17_Current,ICR_03..Inv_02_PV_17_Current
113,Trnl,B02,ICR03,I03_2,SCB18,ICR_03..Inv_02_PV_18_Current,ICR_03..Inv_02_PV_18_Current
114,Trnl,B02,ICR03,I03_2,SCB22,ICR_03..Inv_02_PV_22_Current,ICR_03..Inv_02_PV_22_Current
115,Trnl,B02,ICR03,I03_2,SCB23,ICR_03..Inv_02_PV_23_Current,ICR_03..Inv_02_PV_23_Current
116,Trnl,B02,ICR03,I03_2,SCB24,ICR_03..Inv_02_PV_24_Current,ICR_03..Inv_02_PV_24_Current
117,Trnl,B02,ICR03,I03_2,SCB25,ICR_03..Inv_02_PV_25_Current,ICR_03..Inv_02_PV_25_Current
118,Trnl,B02,ICR03,I03_2,SCB26,ICR_03..Inv_02_PV_26_Current,ICR_03..Inv_02_PV_26_Current
119,Trnl,B02,ICR03,I03_2,SCB27,ICR_03..Inv_02_PV_27_Current,ICR_03..Inv_02_PV_27_Current
120,Trnl,B02,ICR03,I03_2,SCB28,ICR_03..Inv_02_PV_28_Current,ICR_03..Inv_02_PV_28_Current
121,Trnl,B02,ICR04,I04_1,SCB01,ICR_04..Inv_01_PV_01_Current,ICR_04..Inv_01_PV_01_Current
122,Trnl,B02,ICR04,I04_1,SCB02,ICR_04..Inv_01_PV_02_Current,ICR_04..Inv_01_PV_02_Current
123,Trnl,B02,ICR04,I04_1,SCB03,ICR_04..Inv_01_PV_03_Current,ICR_04..Inv_01_PV_03_Current
124,Trnl,B02,ICR04,I04_1,SCB04,ICR_04..Inv_01_PV_04_Current,ICR_04..Inv_01_PV_04_Current
125,Trnl,B02,ICR04,I04_1,SCB05,ICR_04..Inv_01_PV_05_Current,ICR_04..Inv_01_PV_05_Current
126,Trnl,B02,ICR04,I04_1,SCB06,ICR_04..Inv_01_PV_06_Current,ICR_04..Inv_01_PV_06_Current
127,Trnl,B02,ICR04,I04_1,SCB07,ICR_04..Inv_01_PV_07_Current,ICR_04..Inv_01_PV_07_Current
128,Trnl,B02,ICR04,I04_1,SCB11,ICR_04..Inv_01_PV_11_Current,ICR_04..Inv_01_PV_11_Current
129,Trnl,B02,ICR04,I04_1,SCB12,ICR_04..Inv_01_PV_12_Current,ICR_04..Inv_01_PV_12_Current
130,Trnl,B02,ICR04,I04_1,SCB13,ICR_04..Inv_01_PV_13_Current,ICR_04..Inv_01_PV_13_Current
131,Trnl,B02,ICR04,I04_1,SCB14,ICR_04..Inv_01_PV_14_Current,ICR_04..Inv_01_PV_14_Current
132,Trnl,B02,ICR04,I04_1,SCB15,ICR_04..Inv_01_PV_15_Current,ICR_04..Inv_01_PV_15_Current
133,Trnl,B02,ICR04,I04_1,SCB17,ICR_04..Inv_01_PV_17_Current,ICR_04..Inv_01_PV_17_Current
134,Trnl,B02,ICR04,I04_1,SCB18,ICR_04..Inv_01_PV_18_Current,ICR_04..Inv_01_PV_18_Current
135,Trnl,B02,ICR04,I04_1,SCB21,ICR_04..Inv_01_PV_21_Current,ICR_04..Inv_01_PV_21_Current
136,Trnl,B02,ICR04,I04_1,SCB23,ICR_04..Inv_01_PV_23_Current,ICR_04..Inv_01_PV_23_Current
137,Trnl,B02,ICR04,I04_1,SCB24,ICR_04..Inv_01_PV_24_Current,ICR_04..Inv_01_PV_24_Current
138,Trnl,B02,ICR04,I04_1,SCB25,ICR_04..Inv_01_PV_25_Current,ICR_04..Inv_01_PV_25_Current
139,Trnl,B02,ICR04,I04_1,SCB27,ICR_04..Inv_01_PV_27_Current,ICR_04..Inv_01_PV_27_Current
140,Trnl,B02,ICR04,I04_1,SCB28,ICR_04..Inv_01_PV_28_Current,ICR_04..Inv_01_PV_28_Current
141,Trnl,B02,ICR04,I04_2,SCB01,ICR_04..Inv_02_PV_01_Current,ICR_04..Inv_02_PV_01_Current
142,Trnl,B02,ICR04,I04_2,SCB02,ICR_04..Inv_02_PV_02_Current,ICR_04..Inv_02_PV_02_Current
143,Trnl,B02,ICR04,I04_2,SCB03,ICR_04..Inv_02_PV_03_Current,ICR_04..Inv_02_PV_03_Current
144,Trnl,B02,ICR04,I04_2,SCB04,ICR_04..Inv_02_PV_04_Current,ICR_04..Inv_02_PV_04_Current
145,Trnl,B02,ICR04,I04_2,SCB05,ICR_04..Inv_02_PV_05_Current,ICR_04..Inv_02_PV_05_Current
146,Trnl,B02,ICR04,I04_2,SCB06,ICR_04..Inv_02_PV_06_Current,ICR_04..Inv_02_PV_06_Current
147,Trnl,B02,ICR04,I04_2,SCB11,ICR_04..Inv_02_PV_11_Current,ICR_04..Inv_02_PV_11_Current
148,Trnl,B02,ICR04,I04_2,SCB12,ICR_04..Inv_02_PV_12_Current,ICR_04..Inv_02_PV_12_Current
149,Trnl,B02,ICR04,I04_2,SCB13,ICR_04..Inv_02_PV_13_Current,ICR_04..Inv_02_PV_13_Current
150,Trnl,B02,ICR04,I04_2,SCB14,ICR_04..Inv_02_PV_14_Current,ICR_04..Inv_02_PV_14_Current
151,Trnl,B02,ICR04,I04_2,SCB16,ICR_04..Inv_02_PV_16_Current,ICR_04..Inv_02_PV_16_Current
152,Trnl,B02,ICR04,I04_2,SCB17,ICR_04..Inv_02_PV_17_Current,ICR_04..Inv_02_PV_17_Current
153,Trnl,B01,ICR04,I04_2,SCB18,ICR_04..Inv_02_PV_18_Current,ICR_04..Inv_02_PV_18_Current
154,Trnl,B01,ICR04,I04_2,SCB22,ICR_04..Inv_02_PV_22_Current,ICR_04..Inv_02_PV_22_Current
155,Trnl,B01,ICR04,I04_2,SCB23,ICR_04..Inv_02_PV_23_Current,ICR_04..Inv_02_PV_23_Current
156,Trnl,B01,ICR04,I04_2,SCB24,ICR_04..Inv_02_PV_24_Current,ICR_04..Inv_02_PV_24_Current
157,Trnl,B01,ICR04,I04_2,SCB25,ICR_04..Inv_02_PV_25_Current,ICR_04..Inv_02_PV_25_Current
158,Trnl,B01,ICR04,I04_2,SCB26,ICR_04..Inv_02_PV_26_Current,ICR_04..Inv_02_PV_26_Current
159,Trnl,B01,ICR04,I04_2,SCB27,ICR_04..Inv_02_PV_27_Current,ICR_04..Inv_02_PV_27_Current
160,Trnl,B01,ICR04,I04_2,SCB28,ICR_04..Inv_02_PV_28_Current,ICR_04..Inv_02_PV_28_Current
161,Trnl,B01,ICR05,I05_1,SCB01,ICR_05..Inv_01_PV_01_Current,ICR_05..Inv_01_PV_01_Current
162,Trnl,B01,ICR05,I05_1,SCB03,ICR_05..Inv_01_PV_03_Current,ICR_05..Inv_01_PV_03_Current
163,Trnl,B01,ICR05,I05_1,SCB04,ICR_05..Inv_01_PV_04_Current,ICR_05..Inv_01_PV_04_Current
164,Trnl,B01,ICR05,I05_1,SCB06,ICR_05..Inv_01_PV_06_Current,ICR_05..Inv_01_PV_06_Current
165,Trnl,B01,ICR05,I05_1,SCB07,ICR_05..Inv_01_PV_07_Current,ICR_05..Inv_01_PV_07_Current
166,Trnl,B01,ICR05,I05_1,SCB08,ICR_05..Inv_01_PV_08_Current,ICR_05..Inv_01_PV_08_Current
167,Trnl,B01,ICR05,I05_1,SCB12,ICR_05..Inv_01_PV_12_Current,ICR_05..Inv_01_PV_12_Current
168,Trnl,B01,ICR05,I05_1,SCB13,ICR_05..Inv_01_PV_13_Current,ICR_05..Inv_01_PV_13_Current
169,Trnl,B01,ICR05,I05_1,SCB14,ICR_05..Inv_01_PV_14_Current,ICR_05..Inv_01_PV_14_Current
170,Trnl,B01,ICR05,I05_1,SCB15,ICR_05..Inv_01_PV_15_Current,ICR_05..Inv_01_PV_15_Current
171,Trnl,B01,ICR05,I05_1,SCB16,ICR_05..Inv_01_PV_16_Current,ICR_05..Inv_01_PV_16_Current
172,Trnl,B01,ICR05,I05_1,SCB17,ICR_05..Inv_01_PV_17_Current,ICR_05..Inv_01_PV_17_Current
173,Trnl,B01,ICR05,I05_1,SCB18,ICR_05..Inv_01_PV_18_Current,ICR_05..Inv_01_PV_18_Current
174,Trnl,B01,ICR05,I05_2,SCB01,ICR_05..Inv_02_PV_01_Current,ICR_05..Inv_02_PV_01_Current
175,Trnl,B01,ICR05,I05_2,SCB02,ICR_05..Inv_02_PV_02_Current,ICR_05..Inv_02_PV_02_Current
176,Trnl,B01,ICR05,I05_2,SCB03,ICR_05..Inv_02_PV_03_Current,ICR_05..Inv_02_PV_03_Current
177,Trnl,B01,ICR05,I05_2,SCB04,ICR_05..Inv_02_PV_04_Current,ICR_05..Inv_02_PV_04_Current
178,Trnl,B01,ICR05,I05_2,SCB05,ICR_05..Inv_02_PV_05_Current,ICR_05..Inv_02_PV_05_Current
179,Trnl,B01,ICR05,I05_2,SCB07,ICR_05..Inv_02_PV_07_Current,ICR_05..Inv_02_PV_07_Current
180,Trnl,B01,ICR05,I05_2,SCB11,ICR_05..Inv_02_PV_11_Current,ICR_05..Inv_02_PV_11_Current
181,Trnl,B01,ICR05,I05_2,SCB12,ICR_05..Inv_02_PV_12_Current,ICR_05..Inv_02_PV_12_Current
182,Trnl,B01,ICR05,I05_2,SCB13,ICR_05..Inv_02_PV_13_Current,ICR_05..Inv_02_PV_13_Current
183,Trnl,B01,ICR05,I05_2,SCB14,ICR_05..Inv_02_PV_14_Current,ICR_05..Inv_02_PV_14_Current
184,Trnl,B01,ICR05,I05_2,SCB15,ICR_05..Inv_02_PV_15_Current,ICR_05..Inv_02_PV_15_Current
185,Trnl,B01,ICR05,I05_2,SCB16,ICR_05..Inv_02_PV_16_Current,ICR_05..Inv_02_PV_16_Current
186,Trnl,B01,ICR05,I05_2,SCB18,ICR_05..Inv_02_PV_18_Current,ICR_05..Inv_02_PV_18_Current
187,Trnl,B01,ICR06,I06_1,SCB01,ICR_06..Inv_01_PV_01_Current,ICR_06..Inv_01_PV_01_Current
188,Trnl,B01,ICR06,I06_1,SCB02,ICR_06..Inv_01_PV_02_Current,ICR_06..Inv_01_PV_02_Current
189,Trnl,B01,ICR06,I06_1,SCB03,ICR_06..Inv_01_PV_03_Current,ICR_06..Inv_01_PV_03_Current
190,Trnl,B01,ICR06,I06_1,SCB04,ICR_06..Inv_01_PV_04_Current,ICR_06..Inv_01_PV_04_Current
191,Trnl,B01,ICR06,I06_1,SCB05,ICR_06..Inv_01_PV_05_Current,ICR_06..Inv_01_PV_05_Current
192,Trnl,B01,ICR06,I06_1,SCB06,ICR_06..Inv_01_PV_06_Current,ICR_06..Inv_01_PV_06_Current
193,Trnl,B01,ICR06,I06_1,SCB08,ICR_06..Inv_01_PV_08_Current,ICR_06..Inv_01_PV_08_Current
194,Trnl,B01,ICR06,I06_1,SCB11,ICR_06..Inv_01_PV_11_Current,ICR_06..Inv_01_PV_11_Current
195,Trnl,B01,ICR06,I06_1,SCB12,ICR_06..Inv_01_PV_12_Current,ICR_06..Inv_01_PV_12_Current
196,Trnl,B01,ICR06,I06_1,SCB13,ICR_06..Inv_01_PV_13_Current,ICR_06..Inv_01_PV_13_Current
197,Trnl,B01,ICR06,I06_1,SCB14,ICR_06..Inv_01_PV_14_Current,ICR_06..Inv_01_PV_14_Current
198,Trnl,B01,ICR06,I06_1,SCB15,ICR_06..Inv_01_PV_15_Current,ICR_06..Inv_01_PV_15_Current
199,Trnl,B01,ICR06,I06_1,SCB16,ICR_06..Inv_01_PV_16_Current,ICR_06..Inv_01_PV_16_Current
200,Trnl,B01,ICR06,I06_1,SCB21,ICR_06..Inv_01_PV_21_Current,ICR_06..Inv_01_PV_21_Current
201,Trnl,B01,ICR06,I06_1,SCB23,ICR_06..Inv_01_PV_23_Current,ICR_06..Inv_01_PV_23_Current
202,Trnl,B01,ICR06,I06_1,SCB24,ICR_06..Inv_01_PV_24_Current,ICR_06..Inv_01_PV_24_Current
203,Trnl,B01,ICR06,I06_1,SCB25,ICR_06..Inv_01_PV_25_Current,ICR_06..Inv_01_PV_25_Current
204,Trnl,B01,ICR06,I06_1,SCB26,ICR_06..Inv_01_PV_26_Current,ICR_06..Inv_01_PV_26_Current
205,Trnl,B01,ICR06,I06_1,SCB27,ICR_06..Inv_01_PV_27_Current,ICR_06..Inv_01_PV_27_Current
206,Trnl,B01,ICR06,I06_1,SCB28,ICR_06..Inv_01_PV_28_Current,ICR_06..Inv_01_PV_28_Current
207,Trnl,B01,ICR06,I06_2,SCB01,ICR_06..Inv_02_PV_01_Current,ICR_06..Inv_02_PV_01_Current
208,Trnl,B01,ICR06,I06_2,SCB02,ICR_06..Inv_02_PV_02_Current,ICR_06..Inv_02_PV_02_Current
209,Trnl,B01,ICR06,I06_2,SCB03,ICR_06..Inv_02_PV_03_Current,ICR_06..Inv_02_PV_03_Current
210,Trnl,B01,ICR06,I06_2,SCB04,ICR_06..Inv_02_PV_04_Current,ICR_06..Inv_02_PV_04_Current
211,Trnl,B01,ICR06,I06_2,SCB05,ICR_06..Inv_02_PV_05_Current,ICR_06..Inv_02_PV_05_Current
212,Trnl,B01,ICR06,I06_2,SCB06,ICR_06..Inv_02_PV_06_Current,ICR_06..Inv_02_PV_06_Current
213,Trnl,B01,ICR06,I06_2,SCB11,ICR_06..Inv_02_PV_11_Current,ICR_06..Inv_02_PV_11_Current
214,Trnl,B01,ICR06,I06_2,SCB12,ICR_06..Inv_02_PV_12_Current,ICR_06..Inv_02_PV_12_Current
215,Trnl,B01,ICR06,I06_2,SCB13,ICR_06..Inv_02_PV_13_Current,ICR_06..Inv_02_PV_13_Current
216,Trnl,B01,ICR06,I06_2,SCB14,ICR_06..Inv_02_PV_14_Current,ICR_06..Inv_02_PV_14_Current
217,Trnl,B01,ICR06,I06_2,SCB15,ICR_06..Inv_02_PV_15_Current,ICR_06..Inv_02_PV_15_Current
218,Trnl,B01,ICR06,I06_2,SCB16,ICR_06..Inv_02_PV_16_Current,ICR_06..Inv_02_PV_16_Current
219,Trnl,B01,ICR06,I06_2,SCB17,ICR_06..Inv_02_PV_17_Current,ICR_06..Inv_02_PV_17_Current
220,Trnl,B01,ICR06,I06_2,SCB22,ICR_06..Inv_02_PV_22_Current,ICR_06..Inv_02_PV_22_Current
221,Trnl,B01,ICR06,I06_2,SCB23,ICR_06..Inv_02_PV_23_Current,ICR_06..Inv_02_PV_23_Current
222,Trnl,B01,ICR06,I06_2,SCB24,ICR_06..Inv_02_PV_24_Current,ICR_06..Inv_02_PV_24_Current
223,Trnl,B01,ICR06,I06_2,SCB25,ICR_06..Inv_02_PV_25_Current,ICR_06..Inv_02_PV_25_Current
224,Trnl,B01,ICR06,I06_2,SCB26,ICR_06..Inv_02_PV_26_Current,ICR_06..Inv_02_PV_26_Current
225,Trnl,B01,ICR06,I06_2,SCB27,ICR_06..Inv_02_PV_27_Current,ICR_06..Inv_02_PV_27_Current
226,Trnl,B01,ICR06,I06_2,SCB28,ICR_06..Inv_02_PV_28_Current,ICR_06..Inv_02_PV_28_Current
227,Trnl,B01,ICR07,I07_1,SCB01,ICR_07..Inv_01_PV_01_Current,ICR_07..Inv_01_PV_01_Current
228,Trnl,B01,ICR07,I07_1,SCB02,ICR_07..Inv_01_PV_02_Current,ICR_07..Inv_01_PV_02_Current
229,Trnl,B02,ICR07,I07_1,SCB03,ICR_07..Inv_01_PV_03_Current,ICR_07..Inv_01_PV_03_Current
230,Trnl,B02,ICR07,I07_1,SCB04,ICR_07..Inv_01_PV_04_Current,ICR_07..Inv_01_PV_04_Current
231,Trnl,B02,ICR07,I07_1,SCB05,ICR_07..Inv_01_PV_05_Current,ICR_07..Inv_01_PV_05_Current
232,Trnl,B02,ICR07,I07_1,SCB06,ICR_07..Inv_01_PV_06_Current,ICR_07..Inv_01_PV_06_Current
233,Trnl,B02,ICR07,I07_1,SCB07,ICR_07..Inv_01_PV_07_Current,ICR_07..Inv_01_PV_07_Current
234,Trnl,B02,ICR07,I07_1,SCB11,ICR_07..Inv_01_PV_11_Current,ICR_07..Inv_01_PV_11_Current
235,Trnl,B02,ICR07,I07_1,SCB12,ICR_07..Inv_01_PV_12_Current,ICR_07..Inv_01_PV_12_Current
236,Trnl,B02,ICR07,I07_1,SCB13,ICR_07..Inv_01_PV_13_Current,ICR_07..Inv_01_PV_13_Current
237,Trnl,B02,ICR07,I07_1,SCB14,ICR_07..Inv_01_PV_14_Current,ICR_07..Inv_01_PV_14_Current
238,Trnl,B02,ICR07,I07_1,SCB15,ICR_07..Inv_01_PV_15_Current,ICR_07..Inv_01_PV_15_Current
239,Trnl,B02,ICR07,I07_1,SCB16,ICR_07..Inv_01_PV_16_Current,ICR_07..Inv_01_PV_16_Current
240,Trnl,B02,ICR07,I07_1,SCB17,ICR_07..Inv_01_PV_17_Current,ICR_07..Inv_01_PV_17_Current
241,Trnl,B02,ICR07,I07_1,SCB21,ICR_07..Inv_01_PV_21_Current,ICR_07..Inv_01_PV_21_Current
242,Trnl,B02,ICR07,I07_1,SCB22,ICR_07..Inv_01_PV_22_Current,ICR_07..Inv_01_PV_22_Current
243,Trnl,B02,ICR07,I07_1,SCB23,ICR_07..Inv_01_PV_23_Current,ICR_07..Inv_01_PV_23_Current
244,Trnl,B02,ICR07,I07_1,SCB24,ICR_07..Inv_01_PV_24_Current,ICR_07..Inv_01_PV_24_Current
245,Trnl,B02,ICR07,I07_1,SCB25,ICR_07..Inv_01_PV_25_Current,ICR_07..Inv_01_PV_25_Current
246,Trnl,B02,ICR07,I07_1,SCB27,ICR_07..Inv_01_PV_27_Current,ICR_07..Inv_01_PV_27_Current
247,Trnl,B02,ICR07,I07_2,SCB01,ICR_07..Inv_02_PV_01_Current,ICR_07..Inv_02_PV_01_Current
248,Trnl,B02,ICR07,I07_2,SCB02,ICR_07..Inv_02_PV_02_Current,ICR_07..Inv_02_PV_02_Current
249,Trnl,B02,ICR07,I07_2,SCB03,ICR_07..Inv_02_PV_03_Current,ICR_07..Inv_02_PV_03_Current
250,Trnl,B02,ICR07,I07_2,SCB04,ICR_07..Inv_02_PV_04_Current,ICR_07..Inv_02_PV_04_Current
251,Trnl,B02,ICR07,I07_2,SCB05,ICR_07..Inv_02_PV_05_Current,ICR_07..Inv_02_PV_05_Current
252,Trnl,B02,ICR07,I07_2,SCB06,ICR_07..Inv_02_PV_06_Current,ICR_07..Inv_02_PV_06_Current
253,Trnl,B02,ICR07,I07_2,SCB07,ICR_07..Inv_02_PV_07_Current,ICR_07..Inv_02_PV_07_Current
254,Trnl,B02,ICR07,I07_2,SCB11,ICR_07..Inv_02_PV_11_Current,ICR_07..Inv_02_PV_11_Current
255,Trnl,B02,ICR07,I07_2,SCB12,ICR_07..Inv_02_PV_12_Current,ICR_07..Inv_02_PV_12_Current
256,Trnl,B02,ICR07,I07_2,SCB13,ICR_07..Inv_02_PV_13_Current,ICR_07..Inv_02_PV_13_Current
257,Trnl,B02,ICR07,I07_2,SCB14,ICR_07..Inv_02_PV_14_Current,ICR_07..Inv_02_PV_14_Current
258,Trnl,B02,ICR07,I07_2,SCB15,ICR_07..Inv_02_PV_15_Current,ICR_07..Inv_02_PV_15_Current
259,Trnl,B02,ICR07,I07_2,SCB16,ICR_07..Inv_02_PV_16_Current,ICR_07..Inv_02_PV_16_Current
260,Trnl,B02,ICR07,I07_2,SCB17,ICR_07..Inv_02_PV_17_Current,ICR_07..Inv_02_PV_17_Current
261,Trnl,B02,ICR07,I07_2,SCB22,ICR_07..Inv_02_PV_22_Current,ICR_07..Inv_02_PV_22_Current
262,Trnl,B02,ICR07,I07_2,SCB23,ICR_07..Inv_02_PV_23_Current,ICR_07..Inv_02_PV_23_Current
263,Trnl,B02,ICR07,I07_2,SCB24,ICR_07..Inv_02_PV_24_Current,ICR_07..Inv_02_PV_24_Current
264,Trnl,B02,ICR07,I07_2,SCB25,ICR_07..Inv_02_PV_25_Current,ICR_07..Inv_02_PV_25_Current
265,Trnl,B02,ICR07,I07_2,SCB26,ICR_07..Inv_02_PV_26_Current,ICR_07..Inv_02_PV_26_Current
266,Trnl,B02,ICR07,I07_2,SCB27,ICR_07..Inv_02_PV_27_Current,ICR_07..Inv_02_PV_27_Current
267,Trnl,B02,ICR08,I08_1,SCB01,ICR_08..Inv_01_PV_01_Current,ICR_08..Inv_01_PV_01_Current
268,Trnl,B02,ICR08,I08_1,SCB02,ICR_08..Inv_01_PV_02_Current,ICR_08..Inv_01_PV_02_Current
269,Trnl,B02,ICR08,I08_1,SCB03,ICR_08..Inv_01_PV_03_Current,ICR_08..Inv_01_PV_03_Current
270,Trnl,B02,ICR08,I08_1,SCB04,ICR_08..Inv_01_PV_04_Current,ICR_08..Inv_01_PV_04_Current
271,Trnl,B02,ICR08,I08_1,SCB05,ICR_08..Inv_01_PV_05_Current,ICR_08..Inv_01_PV_05_Current
272,Trnl,B02,ICR08,I08_1,SCB06,ICR_08..Inv_01_PV_06_Current,ICR_08..Inv_01_PV_06_Current
273,Trnl,B02,ICR08,I08_1,SCB12,ICR_08..Inv_01_PV_12_Current,ICR_08..Inv_01_PV_12_Current
274,Trnl,B02,ICR08,I08_1,SCB13,ICR_08..Inv_01_PV_13_Current,ICR_08..Inv_01_PV_13_Current
275,Trnl,B02,ICR08,I08_1,SCB14,ICR_08..Inv_01_PV_14_Current,ICR_08..Inv_01_PV_14_Current
276,Trnl,B02,ICR08,I08_1,SCB15,ICR_08..Inv_01_PV_15_Current,ICR_08..Inv_01_PV_15_Current
277,Trnl,B02,ICR08,I08_1,SCB16,ICR_08..Inv_01_PV_16_Current,ICR_08..Inv_01_PV_16_Current
278,Trnl,B02,ICR08,I08_1,SCB17,ICR_08..Inv_01_PV_17_Current,ICR_08..Inv_01_PV_17_Current
279,Trnl,B02,ICR08,I08_1,SCB18,ICR_08..Inv_01_PV_18_Current,ICR_08..Inv_01_PV_18_Current
280,Trnl,B02,ICR08,I08_1,SCB22,ICR_08..Inv_01_PV_22_Current,ICR_08..Inv_01_PV_22_Current
281,Trnl,B02,ICR08,I08_1,SCB23,ICR_08..Inv_01_PV_23_Current,ICR_08..Inv_01_PV_23_Current
282,Trnl,B02,ICR08,I08_1,SCB24,ICR_08..Inv_01_PV_24_Current,ICR_08..Inv_01_PV_24_Current
283,Trnl,B02,ICR08,I08_1,SCB25,ICR_08..Inv_01_PV_25_Current,ICR_08..Inv_01_PV_25_Current
284,Trnl,B02,ICR08,I08_1,SCB26,ICR_08..Inv_01_PV_26_Current,ICR_08..Inv_01_PV_26_Current
285,Trnl,B02,ICR08,I08_1,SCB27,ICR_08..Inv_01_PV_27_Current,ICR_08..Inv_01_PV_27_Current
286,Trnl,B02,ICR08,I08_1,SCB28,ICR_08..Inv_01_PV_28_Current,ICR_08..Inv_01_PV_28_Current
287,Trnl,B02,ICR08,I08_2,SCB01,ICR_08..Inv_02_PV_01_Current,ICR_08..Inv_02_PV_01_Current
288,Trnl,B02,ICR08,I08_2,SCB02,ICR_08..Inv_02_PV_02_Current,ICR_08..Inv_02_PV_02_Current
289,Trnl,B02,ICR08,I08_2,SCB03,ICR_08..Inv_02_PV_03_Current,ICR_08..Inv_02_PV_03_Current
290,Trnl,B02,ICR08,I08_2,SCB04,ICR_08..Inv_02_PV_04_Current,ICR_08..Inv_02_PV_04_Current
291,Trnl,B02,ICR08,I08_2,SCB05,ICR_08..Inv_02_PV_05_Current,ICR_08..Inv_02_PV_05_Current
292,Trnl,B02,ICR08,I08_2,SCB06,ICR_08..Inv_02_PV_06_Current,ICR_08..Inv_02_PV_06_Current
293,Trnl,B02,ICR08,I08_2,SCB07,ICR_08..Inv_02_PV_07_Current,ICR_08..Inv_02_PV_07_Current
294,Trnl,B02,ICR08,I08_2,SCB11,ICR_08..Inv_02_PV_11_Current,ICR_08..Inv_02_PV_11_Current
295,Trnl,B02,ICR08,I08_2,SCB12,ICR_08..Inv_02_PV_12_Current,ICR_08..Inv_02_PV_12_Current
296,Trnl,B02,ICR08,I08_2,SCB13,ICR_08..Inv_02_PV_13_Current,ICR_08..Inv_02_PV_13_Current
297,Trnl,B02,ICR08,I08_2,SCB14,ICR_08..Inv_02_PV_14_Current,ICR_08..Inv_02_PV_14_Current
298,Trnl,B02,ICR08,I08_2,SCB15,ICR_08..Inv_02_PV_15_Current,ICR_08..Inv_02_PV_15_Current
299,Trnl,B02,ICR08,I08_2,SCB16,ICR_08..Inv_02_PV_16_Current,ICR_08..Inv_02_PV_16_Current
300,Trnl,B02,ICR08,I08_2,SCB17,ICR_08..Inv_02_PV_17_Current,ICR_08..Inv_02_PV_17_Current
301,Trnl,B02,ICR08,I08_2,SCB23,ICR_08..Inv_02_PV_23_Current,ICR_08..Inv_02_PV_23_Current
302,Trnl,B02,ICR08,I08_2,SCB24,ICR_08..Inv_02_PV_24_Current,ICR_08..Inv_02_PV_24_Current
303,Trnl,B02,ICR08,I08_2,SCB25,ICR_08..Inv_02_PV_25_Current,ICR_08..Inv_02_PV_25_Current
304,Trnl,B02,ICR08,I08_2,SCB26,ICR_08..Inv_02_PV_26_Current,ICR_08..Inv_02_PV_26_Current
305,Trnl,B09,ICR08,I08_2,SCB27,ICR_08..Inv_02_PV_27_Current,ICR_08..Inv_02_PV_27_Current
306,Trnl,B09,ICR08,I08_2,SCB28,ICR_08..Inv_02_PV_28_Current,ICR_08..Inv_02_PV_28_Current
307,Trnl,B09,ICR09,I09_1,SCB01,ICR_09..Inv_01_PV_01_Current,ICR_09..Inv_01_PV_01_Current
308,Trnl,B09,ICR09,I09_1,SCB02,ICR_09..Inv_01_PV_02_Current,ICR_09..Inv_01_PV_02_Current
309,Trnl,B09,ICR09,I09_1,SCB03,ICR_09..Inv_01_PV_03_Current,ICR_09..Inv_01_PV_03_Current
310,Trnl,B09,ICR09,I09_1,SCB04,ICR_09..Inv_01_PV_04_Current,ICR_09..Inv_01_PV_04_Current
311,Trnl,B09,ICR09,I09_1,SCB05,ICR_09..Inv_01_PV_05_Current,ICR_09..Inv_01_PV_05_Current
312,Trnl,B09,ICR09,I09_1,SCB06,ICR_09..Inv_01_PV_06_Current,ICR_09..Inv_01_PV_06_Current
313,Trnl,B09,ICR09,I09_1,SCB11,ICR_09..Inv_01_PV_11_Current,ICR_09..Inv_01_PV_11_Current
314,Trnl,B09,ICR09,I09_1,SCB12,ICR_09..Inv_01_PV_12_Current,ICR_09..Inv_01_PV_12_Current
315,Trnl,B09,ICR09,I09_1,SCB14,ICR_09..Inv_01_PV_14_Current,ICR_09..Inv_01_PV_14_Current
316,Trnl,B09,ICR09,I09_1,SCB15,ICR_09..Inv_01_PV_15_Current,ICR_09..Inv_01_PV_15_Current
317,Trnl,B09,ICR09,I09_1,SCB16,ICR_09..Inv_01_PV_16_Current,ICR_09..Inv_01_PV_16_Current
318,Trnl,B09,ICR09,I09_1,SCB17,ICR_09..Inv_01_PV_17_Current,ICR_09..Inv_01_PV_17_Current
319,Trnl,B09,ICR09,I09_1,SCB18,ICR_09..Inv_01_PV_18_Current,ICR_09..Inv_01_PV_18_Current
320,Trnl,B09,ICR09,I09_1,SCB22,ICR_09..Inv_01_PV_22_Current,ICR_09..Inv_01_PV_22_Current
321,Trnl,B09,ICR09,I09_1,SCB23,ICR_09..Inv_01_PV_23_Current,ICR_09..Inv_01_PV_23_Current
322,Trnl,B09,ICR09,I09_1,SCB24,ICR_09..Inv_01_PV_24_Current,ICR_09..Inv_01_PV_24_Current
323,Trnl,B09,ICR09,I09_1,SCB25,ICR_09..Inv_01_PV_25_Current,ICR_09..Inv_01_PV_25_Current
324,Trnl,B09,ICR09,I09_1,SCB26,ICR_09..Inv_01_PV_26_Current,ICR_09..Inv_01_PV_26_Current
325,Trnl,B09,ICR09,I09_1,SCB27,ICR_09..Inv_01_PV_27_Current,ICR_09..Inv_01_PV_27_Current
326,Trnl,B09,ICR09,I09_1,SCB28,ICR_09..Inv_01_PV_28_Current,ICR_09..Inv_01_PV_28_Current
327,Trnl,B09,ICR09,I09_2,SCB01,ICR_09..Inv_02_PV_01_Current,ICR_09..Inv_02_PV_01_Current
328,Trnl,B09,ICR09,I09_2,SCB02,ICR_09..Inv_02_PV_02_Current,ICR_09..Inv_02_PV_02_Current
329,Trnl,B09,ICR09,I09_2,SCB03,ICR_09..Inv_02_PV_03_Current,ICR_09..Inv_02_PV_03_Current
330,Trnl,B09,ICR09,I09_2,SCB04,ICR_09..Inv_02_PV_04_Current,ICR_09..Inv_02_PV_04_Current
331,Trnl,B09,ICR09,I09_2,SCB05,ICR_09..Inv_02_PV_05_Current,ICR_09..Inv_02_PV_05_Current
332,Trnl,B09,ICR09,I09_2,SCB06,ICR_09..Inv_02_PV_06_Current,ICR_09..Inv_02_PV_06_Current
333,Trnl,B09,ICR09,I09_2,SCB12,ICR_09..Inv_02_PV_12_Current,ICR_09..Inv_02_PV_12_Current
334,Trnl,B09,ICR09,I09_2,SCB13,ICR_09..Inv_02_PV_13_Current,ICR_09..Inv_02_PV_13_Current
335,Trnl,B09,ICR09,I09_2,SCB14,ICR_09..Inv_02_PV_14_Current,ICR_09..Inv_02_PV_14_Current
336,Trnl,B09,ICR09,I09_2,SCB15,ICR_09..Inv_02_PV_15_Current,ICR_09..Inv_02_PV_15_Current
337,Trnl,B09,ICR09,I09_2,SCB16,ICR_09..Inv_02_PV_16_Current,ICR_09..Inv_02_PV_16_Current
338,Trnl,B09,ICR09,I09_2,SCB17,ICR_09..Inv_02_PV_17_Current,ICR_09..Inv_02_PV_17_Current
339,Trnl,B09,ICR09,I09_2,SCB18,ICR_09..Inv_02_PV_18_Current,ICR_09..Inv_02_PV_18_Current
340,Trnl,B09,ICR09,I09_2,SCB21,ICR_09..Inv_02_PV_21_Current,ICR_09..Inv_02_PV_21_Current
341,Trnl,B09,ICR09,I09_2,SCB22,ICR_09..Inv_02_PV_22_Current,ICR_09..Inv_02_PV_22_Current
342,Trnl,B09,ICR09,I09_2,SCB23,ICR_09..Inv_02_PV_23_Current,ICR_09..Inv_02_PV_23_Current
343,Trnl,B09,ICR09,I09_2,SCB24,ICR_09..Inv_02_PV_24_Current,ICR_09..Inv_02_PV_24_Current
344,Trnl,B09,ICR09,I09_2,SCB25,ICR_09..Inv_02_PV_25_Current,ICR_09..Inv_02_PV_25_Current
345,Trnl,B09,ICR09,I09_2,SCB26,ICR_09..Inv_02_PV_26_Current,ICR_09..Inv_02_PV_26_Current
346,Trnl,B09,ICR09,I09_2,SCB27,ICR_09..Inv_02_PV_27_Current,ICR_09..Inv_02_PV_27_Current
347,Trnl,B09,ICR10,I10_1,SCB01,ICR_10..Inv_01_PV_01_Current,ICR_10..Inv_01_PV_01_Current
348,Trnl,B09,ICR10,I10_1,SCB02,ICR_10..Inv_01_PV_02_Current,ICR_10..Inv_01_PV_02_Current
349,Trnl,B09,ICR10,I10_1,SCB03,ICR_10..Inv_01_PV_03_Current,ICR_10..Inv_01_PV_03_Current
350,Trnl,B09,ICR10,I10_1,SCB04,ICR_10..Inv_01_PV_04_Current,ICR_10..Inv_01_PV_04_Current
351,Trnl,B09,ICR10,I10_1,SCB05,ICR_10..Inv_01_PV_05_Current,ICR_10..Inv_01_PV_05_Current
352,Trnl,B09,ICR10,I10_1,SCB06,ICR_10..Inv_01_PV_06_Current,ICR_10..Inv_01_PV_06_Current
353,Trnl,B09,ICR10,I10_1,SCB07,ICR_10..Inv_01_PV_07_Current,ICR_10..Inv_01_PV_07_Current
354,Trnl,B09,ICR10,I10_1,SCB11,ICR_10..Inv_01_PV_11_Current,ICR_10..Inv_01_PV_11_Current
355,Trnl,B09,ICR10,I10_1,SCB13,ICR_10..Inv_01_PV_13_Current,ICR_10..Inv_01_PV_13_Current
356,Trnl,B09,ICR10,I10_1,SCB14,ICR_10..Inv_01_PV_14_Current,ICR_10..Inv_01_PV_14_Current
357,Trnl,B09,ICR10,I10_1,SCB15,ICR_10..Inv_01_PV_15_Current,ICR_10..Inv_01_PV_15_Current
358,Trnl,B09,ICR10,I10_1,SCB16,ICR_10..Inv_01_PV_16_Current,ICR_10..Inv_01_PV_16_Current
359,Trnl,B09,ICR10,I10_1,SCB18,ICR_10..Inv_01_PV_18_Current,ICR_10..Inv_01_PV_18_Current
360,Trnl,B09,ICR10,I10_1,SCB21,ICR_10..Inv_01_PV_21_Current,ICR_10..Inv_01_PV_21_Current
361,Trnl,B09,ICR10,I10_1,SCB23,ICR_10..Inv_01_PV_23_Current,ICR_10..Inv_01_PV_23_Current
362,Trnl,B09,ICR10,I10_1,SCB24,ICR_10..Inv_01_PV_24_Current,ICR_10..Inv_01_PV_24_Current
363,Trnl,B09,ICR10,I10_1,SCB25,ICR_10..Inv_01_PV_25_Current,ICR_10..Inv_01_PV_25_Current
364,Trnl,B09,ICR10,I10_1,SCB26,ICR_10..Inv_01_PV_26_Current,ICR_10..Inv_01_PV_26_Current
365,Trnl,B09,ICR10,I10_1,SCB27,ICR_10..Inv_01_PV_27_Current,ICR_10..Inv_01_PV_27_Current
366,Trnl,B09,ICR10,I10_1,SCB28,ICR_10..Inv_01_PV_28_Current,ICR_10..Inv_01_PV_28_Current
367,Trnl,B09,ICR10,I10_2,SCB01,ICR_10..Inv_02_PV_01_Current,ICR_10..Inv_02_PV_01_Current
368,Trnl,B09,ICR10,I10_2,SCB02,ICR_10..Inv_02_PV_02_Current,ICR_10..Inv_02_PV_02_Current
369,Trnl,B09,ICR10,I10_2,SCB03,ICR_10..Inv_02_PV_03_Current,ICR_10..Inv_02_PV_03_Current
370,Trnl,B09,ICR10,I10_2,SCB04,ICR_10..Inv_02_PV_04_Current,ICR_10..Inv_02_PV_04_Current
371,Trnl,B09,ICR10,I10_2,SCB05,ICR_10..Inv_02_PV_05_Current,ICR_10..Inv_02_PV_05_Current
372,Trnl,B09,ICR10,I10_2,SCB06,ICR_10..Inv_02_PV_06_Current,ICR_10..Inv_02_PV_06_Current
373,Trnl,B09,ICR10,I10_2,SCB11,ICR_10..Inv_02_PV_11_Current,ICR_10..Inv_02_PV_11_Current
374,Trnl,B09,ICR10,I10_2,SCB12,ICR_10..Inv_02_PV_12_Current,ICR_10..Inv_02_PV_12_Current
375,Trnl,B08,ICR10,I10_2,SCB13,ICR_10..Inv_02_PV_13_Current,ICR_10..Inv_02_PV_13_Current
376,Trnl,B08,ICR10,I10_2,SCB14,ICR_10..Inv_02_PV_14_Current,ICR_10..Inv_02_PV_14_Current
377,Trnl,B08,ICR10,I10_2,SCB15,ICR_10..Inv_02_PV_15_Current,ICR_10..Inv_02_PV_15_Current
378,Trnl,B08,ICR10,I10_2,SCB16,ICR_10..Inv_02_PV_16_Current,ICR_10..Inv_02_PV_16_Current
379,Trnl,B08,ICR10,I10_2,SCB18,ICR_10..Inv_02_PV_18_Current,ICR_10..Inv_02_PV_18_Current
380,Trnl,B08,ICR10,I10_2,SCB22,ICR_10..Inv_02_PV_22_Current,ICR_10..Inv_02_PV_22_Current
381,Trnl,B08,ICR10,I10_2,SCB23,ICR_10..Inv_02_PV_23_Current,ICR_10..Inv_02_PV_23_Current
382,Trnl,B08,ICR10,I10_2,SCB24,ICR_10..Inv_02_PV_24_Current,ICR_10..Inv_02_PV_24_Current
383,Trnl,B08,ICR10,I10_2,SCB25,ICR_10..Inv_02_PV_25_Current,ICR_10..Inv_02_PV_25_Current
384,Trnl,B08,ICR10,I10_2,SCB26,ICR_10..Inv_02_PV_26_Current,ICR_10..Inv_02_PV_26_Current
385,Trnl,B08,ICR10,I10_2,SCB27,ICR_10..Inv_02_PV_27_Current,ICR_10..Inv_02_PV_27_Current
386,Trnl,B08,ICR10,I10_2,SCB28,ICR_10..Inv_02_PV_28_Current,ICR_10..Inv_02_PV_28_Current
387,Trnl,B08,ICR11,I11_1,SCB01,ICR_11..Inv_01_PV_01_Current,ICR_11..Inv_01_PV_01_Current
388,Trnl,B08,ICR11,I11_1,SCB02,ICR_11..Inv_01_PV_02_Current,ICR_11..Inv_01_PV_02_Current
389,Trnl,B08,ICR11,I11_1,SCB03,ICR_11..Inv_01_PV_03_Current,ICR_11..Inv_01_PV_03_Current
390,Trnl,B08,ICR11,I11_1,SCB04,ICR_11..Inv_01_PV_04_Current,ICR_11..Inv_01_PV_04_Current
391,Trnl,B08,ICR11,I11_1,SCB05,ICR_11..Inv_01_PV_05_Current,ICR_11..Inv_01_PV_05_Current
392,Trnl,B08,ICR11,I11_1,SCB06,ICR_11..Inv_01_PV_06_Current,ICR_11..Inv_01_PV_06_Current
393,Trnl,B08,ICR11,I11_1,SCB07,ICR_11..Inv_01_PV_07_Current,ICR_11..Inv_01_PV_07_Current
394,Trnl,B08,ICR11,I11_1,SCB12,ICR_11..Inv_01_PV_12_Current,ICR_11..Inv_01_PV_12_Current
395,Trnl,B08,ICR11,I11_1,SCB13,ICR_11..Inv_01_PV_13_Current,ICR_11..Inv_01_PV_13_Current
396,Trnl,B08,ICR11,I11_1,SCB14,ICR_11..Inv_01_PV_14_Current,ICR_11..Inv_01_PV_14_Current
397,Trnl,B08,ICR11,I11_1,SCB15,ICR_11..Inv_01_PV_15_Current,ICR_11..Inv_01_PV_15_Current
398,Trnl,B08,ICR11,I11_1,SCB16,ICR_11..Inv_01_PV_16_Current,ICR_11..Inv_01_PV_16_Current
399,Trnl,B08,ICR11,I11_1,SCB17,ICR_11..Inv_01_PV_17_Current,ICR_11..Inv_01_PV_17_Current
400,Trnl,B08,ICR11,I11_1,SCB18,ICR_11..Inv_01_PV_18_Current,ICR_11..Inv_01_PV_18_Current
401,Trnl,B08,ICR11,I11_1,SCB22,ICR_11..Inv_01_PV_22_Current,ICR_11..Inv_01_PV_22_Current
402,Trnl,B08,ICR11,I11_1,SCB23,ICR_11..Inv_01_PV_23_Current,ICR_11..Inv_01_PV_23_Current
403,Trnl,B08,ICR11,I11_1,SCB24,ICR_11..Inv_01_PV_24_Current,ICR_11..Inv_01_PV_24_Current
404,Trnl,B08,ICR11,I11_1,SCB25,ICR_11..Inv_01_PV_25_Current,ICR_11..Inv_01_PV_25_Current
405,Trnl,B08,ICR11,I11_1,SCB26,ICR_11..Inv_01_PV_26_Current,ICR_11..Inv_01_PV_26_Current
406,Trnl,B08,ICR11,I11_1,SCB27,ICR_11..Inv_01_PV_27_Current,ICR_11..Inv_01_PV_27_Current
407,Trnl,B08,ICR11,I11_2,SCB01,ICR_11..Inv_02_PV_01_Current,ICR_11..Inv_02_PV_01_Current
408,Trnl,B08,ICR11,I11_2,SCB02,ICR_11..Inv_02_PV_02_Current,ICR_11..Inv_02_PV_02_Current
409,Trnl,B08,ICR11,I11_2,SCB03,ICR_11..Inv_02_PV_03_Current,ICR_11..Inv_02_PV_03_Current
410,Trnl,B08,ICR11,I11_2,SCB04,ICR_11..Inv_02_PV_04_Current,ICR_11..Inv_02_PV_04_Current
411,Trnl,B08,ICR11,I11_2,SCB05,ICR_11..Inv_02_PV_05_Current,ICR_11..Inv_02_PV_05_Current
412,Trnl,B08,ICR11,I11_2,SCB06,ICR_11..Inv_02_PV_06_Current,ICR_11..Inv_02_PV_06_Current
413,Trnl,B08,ICR11,I11_2,SCB11,ICR_11..Inv_02_PV_11_Current,ICR_11..Inv_02_PV_11_Current
414,Trnl,B08,ICR11,I11_2,SCB12,ICR_11..Inv_02_PV_12_Current,ICR_11..Inv_02_PV_12_Current
415,Trnl,B08,ICR11,I11_2,SCB13,ICR_11..Inv_02_PV_13_Current,ICR_11..Inv_02_PV_13_Current
416,Trnl,B08,ICR11,I11_2,SCB14,ICR_11..Inv_02_PV_14_Current,ICR_11..Inv_02_PV_14_Current
417,Trnl,B08,ICR11,I11_2,SCB15,ICR_11..Inv_02_PV_15_Current,ICR_11..Inv_02_PV_15_Current
418,Trnl,B08,ICR11,I11_2,SCB16,ICR_11..Inv_02_PV_16_Current,ICR_11..Inv_02_PV_16_Current
419,Trnl,B08,ICR11,I11_2,SCB17,ICR_11..Inv_02_PV_17_Current,ICR_11..Inv_02_PV_17_Current
420,Trnl,B08,ICR11,I11_2,SCB21,ICR_11..Inv_02_PV_21_Current,ICR_11..Inv_02_PV_21_Current
421,Trnl,B08,ICR11,I11_2,SCB22,ICR_11..Inv_02_PV_22_Current,ICR_11..Inv_02_PV_22_Current
422,Trnl,B08,ICR11,I11_2,SCB23,ICR_11..Inv_02_PV_23_Current,ICR_11..Inv_02_PV_23_Current
423,Trnl,B08,ICR11,I11_2,SCB24,ICR_11..Inv_02_PV_24_Current,ICR_11..Inv_02_PV_24_Current
424,Trnl,B08,ICR11,I11_2,SCB25,ICR_11..Inv_02_PV_25_Current,ICR_11..Inv_02_PV_25_Current
425,Trnl,B08,ICR11,I11_2,SCB26,ICR_11..Inv_02_PV_26_Current,ICR_11..Inv_02_PV_26_Current
426,Trnl,B08,ICR11,I11_2,SCB27,ICR_11..Inv_02_PV_27_Current,ICR_11..Inv_02_PV_27_Current
427,Trnl,B08,ICR12,I12_1,SCB01,ICR_12..Inv_01_PV_01_Current,ICR_12..Inv_01_PV_01_Current
428,Trnl,B08,ICR12,I12_1,SCB02,ICR_12..Inv_01_PV_02_Current,ICR_12..Inv_01_PV_02_Current
429,Trnl,B08,ICR12,I12_1,SCB03,ICR_12..Inv_01_PV_03_Current,ICR_12..Inv_01_PV_03_Current
430,Trnl,B08,ICR12,I12_1,SCB04,ICR_12..Inv_01_PV_04_Current,ICR_12..Inv_01_PV_04_Current
431,Trnl,B08,ICR12,I12_1,SCB05,ICR_12..Inv_01_PV_05_Current,ICR_12..Inv_01_PV_05_Current
432,Trnl,B08,ICR12,I12_1,SCB06,ICR_12..Inv_01_PV_06_Current,ICR_12..Inv_01_PV_06_Current
433,Trnl,B08,ICR12,I12_1,SCB11,ICR_12..Inv_01_PV_11_Current,ICR_12..Inv_01_PV_11_Current
434,Trnl,B08,ICR12,I12_1,SCB12,ICR_12..Inv_01_PV_12_Current,ICR_12..Inv_01_PV_12_Current
435,Trnl,B08,ICR12,I12_1,SCB13,ICR_12..Inv_01_PV_13_Current,ICR_12..Inv_01_PV_13_Current
436,Trnl,B08,ICR12,I12_1,SCB14,ICR_12..Inv_01_PV_14_Current,ICR_12..Inv_01_PV_14_Current
437,Trnl,B08,ICR12,I12_1,SCB15,ICR_12..Inv_01_PV_15_Current,ICR_12..Inv_01_PV_15_Current
438,Trnl,B08,ICR12,I12_1,SCB16,ICR_12..Inv_01_PV_16_Current,ICR_12..Inv_01_PV_16_Current
439,Trnl,B08,ICR12,I12_1,SCB17,ICR_12..Inv_01_PV_17_Current,ICR_12..Inv_01_PV_17_Current
440,Trnl,B08,ICR12,I12_1,SCB22,ICR_12..Inv_01_PV_22_Current,ICR_12..Inv_01_PV_22_Current
441,Trnl,B08,ICR12,I12_1,SCB23,ICR_12..Inv_01_PV_23_Current,ICR_12..Inv_01_PV_23_Current
442,Trnl,B08,ICR12,I12_1,SCB24,ICR_12..Inv_01_PV_24_Current,ICR_12..Inv_01_PV_24_Current
443,Trnl,B08,ICR12,I12_1,SCB25,ICR_12..Inv_01_PV_25_Current,ICR_12..Inv_01_PV_25_Current
444,Trnl,B07,ICR12,I12_1,SCB26,ICR_12..Inv_01_PV_26_Current,ICR_12..Inv_01_PV_26_Current
445,Trnl,B07,ICR12,I12_1,SCB27,ICR_12..Inv_01_PV_27_Current,ICR_12..Inv_01_PV_27_Current
446,Trnl,B07,ICR12,I12_1,SCB28,ICR_12..Inv_01_PV_28_Current,ICR_12..Inv_01_PV_28_Current
447,Trnl,B07,ICR12,I12_2,SCB01,ICR_12..Inv_02_PV_01_Current,ICR_12..Inv_02_PV_01_Current
448,Trnl,B07,ICR12,I12_2,SCB02,ICR_12..Inv_02_PV_02_Current,ICR_12..Inv_02_PV_02_Current
449,Trnl,B07,ICR12,I12_2,SCB03,ICR_12..Inv_02_PV_03_Current,ICR_12..Inv_02_PV_03_Current
450,Trnl,B07,ICR12,I12_2,SCB04,ICR_12..Inv_02_PV_04_Current,ICR_12..Inv_02_PV_04_Current
451,Trnl,B07,ICR12,I12_2,SCB05,ICR_12..Inv_02_PV_05_Current,ICR_12..Inv_02_PV_05_Current
452,Trnl,B07,ICR12,I12_2,SCB06,ICR_12..Inv_02_PV_06_Current,ICR_12..Inv_02_PV_06_Current
453,Trnl,B07,ICR12,I12_2,SCB12,ICR_12..Inv_02_PV_12_Current,ICR_12..Inv_02_PV_12_Current
454,Trnl,B07,ICR12,I12_2,SCB13,ICR_12..Inv_02_PV_13_Current,ICR_12..Inv_02_PV_13_Current
455,Trnl,B07,ICR12,I12_2,SCB14,ICR_12..Inv_02_PV_14_Current,ICR_12..Inv_02_PV_14_Current
456,Trnl,B07,ICR12,I12_2,SCB15,ICR_12..Inv_02_PV_15_Current,ICR_12..Inv_02_PV_15_Current
457,Trnl,B07,ICR12,I12_2,SCB16,ICR_12..Inv_02_PV_16_Current,ICR_12..Inv_02_PV_16_Current
458,Trnl,B07,ICR12,I12_2,SCB17,ICR_12..Inv_02_PV_17_Current,ICR_12..Inv_02_PV_17_Current
459,Trnl,B07,ICR12,I12_2,SCB18,ICR_12..Inv_02_PV_18_Current,ICR_12..Inv_02_PV_18_Current
460,Trnl,B07,ICR12,I12_2,SCB21,ICR_12..Inv_02_PV_21_Current,ICR_12..Inv_02_PV_21_Current
461,Trnl,B07,ICR12,I12_2,SCB22,ICR_12..Inv_02_PV_22_Current,ICR_12..Inv_02_PV_22_Current
462,Trnl,B07,ICR12,I12_2,SCB23,ICR_12..Inv_02_PV_23_Current,ICR_12..Inv_02_PV_23_Current
463,Trnl,B07,ICR12,I12_2,SCB24,ICR_12..Inv_02_PV_24_Current,ICR_12..Inv_02_PV_24_Current
464,Trnl,B07,ICR12,I12_2,SCB25,ICR_12..Inv_02_PV_25_Current,ICR_12..Inv_02_PV_25_Current
465,Trnl,B07,ICR12,I12_2,SCB26,ICR_12..Inv_02_PV_26_Current,ICR_12..Inv_02_PV_26_Current
466,Trnl,B07,ICR12,I12_2,SCB27,ICR_12..Inv_02_PV_27_Current,ICR_12..Inv_02_PV_27_Current
